{
  "AreaBui_m2": 1205,
  "Name": "mfb30_2020",
  "QDemandSH_MWh_Tot": 48.43096828337746,
  "QDemandSH_kWh": [
    9095.531513395876,
    6967.827396274639,
    5656.27928454203,
    3870.6209487078945,
    1794.3979673278611,
    336.6205646629645,
    0.0,
    115.901733425016,
    1532.670704854286,
    4300.618913104566,
    6587.0642478622485,
    8173.435009220078
  ],
  "QDemandSH_kWh_Max": 60.372017129826546,
  "QDemand_kWh": [
    9095.531513395876,
    6967.827396274639,
    5656.27928454203,
    3870.6209487078945,
    1794.3979673278611,
    336.6205646629645,
    0.0,
    115.901733425016,
    1532.670704854286,
    4300.618913104566,
    6587.0642478622485,
    8173.435009220078
  ],
  "QDemandkWhOverM2": 40.1916749239647
}