{
  "AreaBui_m2": 1205,
  "Name": "mfb30_2020",
  "QDemandSH_MWh_Tot": 24.530462917081927,
  "QDemandSH_kWh": [
    6776.261507955538,
    4177.975991099859,
    2468.911025486219,
    456.7645709060623,
    331.44950203735334,
    0.0,
    0.0,
    0.0,
    0.0,
    293.4536199593283,
    3640.772049603459,
    6384.874650034108
  ],
  "QDemandSH_kWh_Max": 23.340479987591554,
  "QDemand_kWh": [
    6776.261507955538,
    4177.975991099859,
    2468.911025486219,
    456.7645709060623,
    331.44950203735334,
    0.0,
    0.0,
    0.0,
    0.0,
    293.4536199593283,
    3640.772049603459,
    6384.874650034108
  ],
  "QDemandkWhOverM2": 20.357230636582514
}