{
  "AreaBui_m2": 1205,
  "Name": "mfb30_2020",
  "QDemandSH_MWh_Tot": 35.735934311676644,
  "QDemandSH_kWh": [
    8923.110813462425,
    5952.568212369239,
    3945.6565219638674,
    1021.5802793089,
    715.0361265030751,
    0.0,
    0.0,
    0.0,
    141.1478384971592,
    1453.5648880675822,
    5193.482262380484,
    8389.78736912392
  ],
  "QDemandSH_kWh_Max": 26.0623337820296,
  "QDemand_kWh": [
    8923.110813462425,
    5952.568212369239,
    3945.6565219638674,
    1021.5802793089,
    715.0361265030751,
    0.0,
    0.0,
    0.0,
    141.1478384971592,
    1453.5648880675822,
    5193.482262380484,
    8389.78736912392
  ],
  "QDemandkWhOverM2": 29.656377022138297
}