{
  "AreaBui_m2": 1205,
  "Name": "mfb30_2020",
  "QDemandSH_MWh_Tot": 50.826127908033435,
  "QDemandSH_kWh": [
    9370.791735624927,
    7199.918705414476,
    5955.035370352243,
    4188.445075779784,
    2034.4354313344838,
    357.910733059275,
    0.0,
    35.08998451434111,
    1737.8158236796728,
    4610.346903039368,
    6903.292426054021,
    8433.045719180838
  ],
  "QDemandSH_kWh_Max": 66.01229162758656,
  "QDemand_kWh": [
    9370.791735624927,
    7199.918705414476,
    5955.035370352243,
    4188.445075779784,
    2034.4354313344838,
    357.910733059275,
    0.0,
    35.08998451434111,
    1737.8158236796728,
    4610.346903039368,
    6903.292426054021,
    8433.045719180838
  ],
  "QDemandkWhOverM2": 42.179359259778785
}